"ID","STUDY","OCC","TIME","DV","MDV","NARM","SE","DOSE"
1,1,1,0,49.63,0,88,1.06451117676356,0
1,1,1,2,46.72,0,88,1.00374897260221,0
1,1,1,8,46.387,0,88,1.01302320376368,0
1,1,1,12,43.638,0,88,1.16738052240515,0
1,1,2,0,50.967,0,194,0.679116622236518,25
1,1,2,2,46.678,0,194,0.672942182072406,25
1,1,2,8,42.465,0,194,0.704316953604001,25
1,1,2,12,40.843,0,194,0.684932083321322,25
1,1,3,0,48.445,0,154,0.848209251933115,50
1,1,3,2,45.365,0,154,0.846919935190675,50
1,1,3,8,41.67,0,154,0.893093591029329,50
1,1,3,12,38.433,0,154,0.783501667921877,50
1,1,4,0,50.338,0,109,0.908115101018174,200
1,1,4,2,43.148,0,109,0.917214450727775,200
1,1,4,8,40.721,0,109,0.977461724068185,200
1,1,4,12,36.85,0,109,0.931390279749048,200
2,2,1,0,51.701,0,42,0.946188141967548,0
2,2,1,2,48.303,0,42,1.4445879623451,0
2,2,1,8,50.09,0,42,1.70273746683168,0
2,2,1,12,52.248,0,42,1.35786947966641,0
2,2,2,0,49.608,0,128,0.777729070957554,10
2,2,2,2,46.487,0,128,0.947523086789974,10
2,2,2,8,44.835,0,128,0.914996174855392,10
2,2,2,12,46.687,0,128,0.941777844192833,10
2,2,3,0,49.128,0,222,0.69437805472443,50
2,2,3,2,44.332,0,222,0.668605662204211,50
2,2,3,8,42.519,0,222,0.76377559083356,50
2,2,3,12,40.166,0,222,0.677934731371686,50
3,3,1,0,50.251,0,106,1.00362968157376,0
3,3,1,2,47.056,0,106,0.989837422328288,0
3,3,1,4,44.229,0,106,0.978181991980001,0
3,3,1,12,42.799,0,106,1.00596076764342,0
3,3,2,0,48.978,0,70,1.2756674947426,10
3,3,2,2,43.851,0,70,1.21757938432895,10
3,3,2,4,40.314,0,70,1.32885516785798,10
3,3,2,12,41.149,0,70,1.0919608574879,10
3,3,3,0,50.721,0,159,0.787341614300974,25
3,3,3,2,44.001,0,159,0.73825172114502,25
3,3,3,4,41.19,0,159,0.746816678270776,25
3,3,3,12,39.205,0,159,0.805740411089634,25
4,4,1,0,51.014,0,216,0.680822065730236,0
4,4,1,4,46.394,0,216,0.636118877924443,0
4,4,1,8,46.388,0,216,0.645032298932904,0
4,4,1,12,44.288,0,216,0.684768465871386,0
4,4,2,0,50.627,0,90,1.07201212679708,10
4,4,2,4,46.67,0,90,0.965232551138728,10
4,4,2,8,44.352,0,90,1.18775148915924,10
4,4,2,12,43.662,0,90,0.947207568475769,10
4,4,3,0,47.904,0,176,0.722496559444466,25
4,4,3,4,41.768,0,176,0.774582644220275,25
4,4,3,8,41.436,0,176,0.72935594253361,25
4,4,3,12,39.095,0,176,0.728376030663732,25
4,4,4,0,52.401,0,50,1.41096087117964,50
4,4,4,4,45.281,0,50,1.46823652045575,50
4,4,4,8,45.102,0,50,1.28028753801636,50
4,4,4,12,42.252,0,50,1.70568297757819,50
5,5,1,0,53.99,0,194,0.71278885987569,0
5,5,1,2,51.858,0,194,0.716450446484641,0
5,5,1,4,50.098,0,194,0.681701271607542,0
5,5,1,12,49.608,0,194,0.753856066548625,0
5,5,2,0,54.781,0,201,0.678754086140729,10
5,5,2,2,51.699,0,201,0.705627754104942,10
5,5,2,4,49.018,0,201,0.728763090305104,10
5,5,2,12,49.267,0,201,0.714232970618417,10
5,5,3,0,54.886,0,249,0.64906037738717,50
5,5,3,2,50.445,0,249,0.631379470797537,50
5,5,3,4,47.737,0,249,0.637970203002992,50
5,5,3,12,44.414,0,249,0.661924979672817,50
5,5,4,0,53.483,0,235,0.631584040330343,200
5,5,4,2,48.956,0,235,0.647957474963984,200
5,5,4,4,44.104,0,235,0.628387632772381,200
5,5,4,12,40.988,0,235,0.63778115702435,200
6,6,1,0,51.592,0,155,0.782335626351034,0
6,6,1,2,53.073,0,155,0.763058362457374,0
6,6,1,4,52.715,0,155,0.756070354295922,0
6,6,1,8,52.064,0,155,0.847075104260575,0
6,6,2,0,50.125,0,64,1.169625,50
6,6,2,2,48.511,0,64,1.267125,50
6,6,2,4,45.156,0,64,1.316625,50
6,6,2,8,46.041,0,64,1.2085,50
6,6,3,0,50.704,0,248,0.628015628015942,100
6,6,3,2,46.923,0,248,0.602869602869904,100
6,6,3,4,44.696,0,248,0.616966616966925,100
6,6,3,8,43.347,0,248,0.619633619633929,100
6,6,4,0,53.35,0,52,1.43514808268372,200
6,6,4,2,51.254,0,52,1.33183517113678,200
6,6,4,4,48.811,0,52,1.5006027058383,200
6,6,4,8,46.702,0,52,1.48520977539305,200
